Treatment,Estimate,Std. Error,Lower,Upper,id
38 cm soybean,3.85646,0.82532,2.22713,5.48579,ED50
76 cm soybean,9.50805,1.16829,7.20163,11.81446,ED50
76 cm corn,6.06687,1.06655,3.96132,8.17243,ED50
fallow,14.54332,2.17526,10.24896,18.83768,ED50
38 cm soybean,10.90371,2.25597,6.45,15.35741,ED90
76 cm soybean,17.90071,3.38686,11.21444,24.58699,ED90
76 cm corn,15.05925,2.909,9.31635,20.80215,ED90
fallow,78.44642,18.81414,41.30383,115.589,ED90
